title,company,location,site,job_url
Part-time Computer Science Instructor,KTBYTE,"Remote, US",Indeed,https://www.indeed.com/viewjob?jk=eadcd45b78a480d5
Junior Software Engineer,nan,"Remote, US",Indeed,https://www.indeed.com/viewjob?jk=a07275d9500e3250
Full-Stack AI Engineer,IQDigital,"Remote, US",Indeed,https://www.indeed.com/viewjob?jk=0ef6bc934d0e6181
Senior Azure AI Solutions Architect / Engineer,GovCIO,"Remote, US",Indeed,https://www.indeed.com/viewjob?jk=d27b227d3c2623e2
Customer Success Manager (Remote),GovCIO,"Remote, US",Indeed,https://www.indeed.com/viewjob?jk=9cd7c0b5e8e5224f
AWS Full Stack / Backend Developer / Cloud Platform Engineer (Mid-Senior),Global Software Resources,"Remote, US",Indeed,https://www.indeed.com/viewjob?jk=4bf7ccacf0b4fa83
Staff Machine Learning Model Risk Specialist,Upstart,"Remote, US",Indeed,https://www.indeed.com/viewjob?jk=ffa414838c1abdda
VDI Engineer (Hyper-V & VMware),ACCELERA SOLUTIONS INC,"Remote, US",Indeed,https://www.indeed.com/viewjob?jk=afea43960a9f1310
Hyper V VMware RHEL Engineer,ACCELERA SOLUTIONS INC,"Remote, US",Indeed,https://www.indeed.com/viewjob?jk=6117b7beaaba02c0
Senior Cloud Solutions Engineer,ACCELERA SOLUTIONS INC,"Remote, US",Indeed,https://www.indeed.com/viewjob?jk=92e2b6302f9943ed
Senior Migration Engineer - GitLab Dedicated,GitLab Inc,"Remote, US",Indeed,https://www.indeed.com/viewjob?jk=06fb6d05d30af420
Director of Research and Development,Jonas Software,"Remote, US",Indeed,https://www.indeed.com/viewjob?jk=c8c210e5e9988737
Data Engineer,Cornerstone OnDemand,"Remote, US",Indeed,https://www.indeed.com/viewjob?jk=6ac607ddc0e1cc3a
Dev Ops Engineer III,mPulse Mobile,"Remote, US",Indeed,https://www.indeed.com/viewjob?jk=85c5d51d840ab600
"Staff Software Engineer, GitHub Intelligence (Copilot Agents)",GitHub,"Remote, US",Indeed,https://www.indeed.com/viewjob?jk=3644f64e50b1fb67
"Senior Software Engineer, Scientific Computing (Hardware/Sensors)",KoBold Metals,"Remote, US",Indeed,https://www.indeed.com/viewjob?jk=45f8ecb8197ec7d9
QA Automation Engineer,Novara,"Remote, US",Indeed,https://www.indeed.com/viewjob?jk=7ce4b3e97856dbbe
Databricks Platform Engineer,"Changeis, Inc.","Remote, US",Indeed,https://www.indeed.com/viewjob?jk=9734810965d2b080
Senior Linux/SDET Engineer,AscendEdge Services,"Remote, US",Indeed,https://www.indeed.com/viewjob?jk=da241a6dc8da6c28
"Senior Site Reliability Engineer (SRE), Akrites",The Linux Foundation,"Remote, US",Indeed,https://www.indeed.com/viewjob?jk=d9d6b3ae2ff5ab47
"Senior Software Engineer, Security",Flex,"Remote, US",Indeed,https://www.indeed.com/viewjob?jk=de1ca3603ab3ed42
"Software Engineer (Linux, Virtualization, Hypervisor)",Nutanix,"Remote, US",Indeed,https://www.indeed.com/viewjob?jk=d53a17ed34e14cc1
Senior Member of Technical Staff - Kernel Development,Nutanix,"Remote, US",Indeed,https://www.indeed.com/viewjob?jk=c5aa347ebddd71ec
"Backend Engineer, AI Engineering: Duo Chat",GitLab Inc,"Remote, US",Indeed,https://www.indeed.com/viewjob?jk=abb4963ff1403d34
Senior Solutions Consultant,Quandary Consulting Group,"Remote, US",Indeed,https://www.indeed.com/viewjob?jk=a82b38274b566db9
Lead Decision Intelligence Engineer (AI) - NBA,Humana,"Remote, US",Indeed,https://www.indeed.com/viewjob?jk=530ffd760560fb8a
Sr Software Developer,US Anesthesia Partners,"Remote, US",Indeed,https://www.indeed.com/viewjob?jk=9ab02c3ba74a2f93
"Senior Data Scientist, Data Flywheel",Deepgram,"Remote, US",Indeed,https://www.indeed.com/viewjob?jk=b20dfb80d4716320
Principal Production Engineer,GitHub,"Remote, US",Indeed,https://www.indeed.com/viewjob?jk=abd2bbee0310e916
Senior Software Engineer,GitHub,"Remote, US",Indeed,https://www.indeed.com/viewjob?jk=09f6455909f0b8f7
Senior Python Developer,ACROSSTEK™,"Bengaluru, Karnataka, India",Linkedin,https://www.linkedin.com/jobs/view/4454164981
Python Developer,Rehlat,"Hyderabad, Telangana, India",Linkedin,https://www.linkedin.com/jobs/view/4456499551
Software Developer - Python/Django,PrimeIT,,Linkedin,https://www.linkedin.com/jobs/view/4453865496
Python Developer,Tata Consultancy Services,"Chennai, Tamil Nadu, India",Linkedin,https://www.linkedin.com/jobs/view/4455636223
Sr. Python Developer,UST,"Bengaluru, Karnataka, India",Linkedin,https://www.linkedin.com/jobs/view/4445011521
Senior Python Software Engineer / Coder,ABH Forex LTD,"Istanbul, Istanbul, Türkiye",Linkedin,https://www.linkedin.com/jobs/view/4454610060
Python Developer,Synechron,"Montreal, Quebec, Canada",Linkedin,https://www.linkedin.com/jobs/view/4454668025
Senior Python Developer,King,"Stockholm, Stockholm County, Sweden",Linkedin,https://www.linkedin.com/jobs/view/4457352540
"Deloitte Innovation Hub I Senior Python Backend Developer, Cairo, Egypt",Deloitte,"Cairo, Cairo, Egypt",Linkedin,https://www.linkedin.com/jobs/view/4438673357
Senior Python Developer,King,"London, England, UK",Linkedin,https://www.linkedin.com/jobs/view/4457345523
Mulesoft Engineer,Core4ce Careers,"Remote, US",Indeed,https://www.indeed.com/viewjob?jk=77f9a946995f3350
Senior Python Developer,Osc Global,"Remote, US",Indeed,https://www.indeed.com/viewjob?jk=f02aef886ee9fe9d
Integration/Middleware Engineer (REMOTE),Koniag Government Services,"Remote, US",Indeed,https://www.indeed.com/viewjob?jk=133e88a11f2824c4
"Accounting Manager, GL& Close",Deepgram,"Remote, US",Indeed,https://www.indeed.com/viewjob?jk=517604090dba3e72
Customer Success Engineer (Scaled),Deepgram,"Remote, US",Indeed,https://www.indeed.com/viewjob?jk=9d884a869a7266ee
"Senior Software Engineer, CoPilot Agent Platform",GitHub,"Remote, US",Indeed,https://www.indeed.com/viewjob?jk=00b66dee8c57a251
Senior Devops Engineer,BV Teck,"Remote, US",Indeed,https://www.indeed.com/viewjob?jk=143f81631e970888
Senior Data Scientist,BV Teck,"Remote, US",Indeed,https://www.indeed.com/viewjob?jk=e9ede359be55ea6d
AI Interaction Designer,BV Teck,"Remote, US",Indeed,https://www.indeed.com/viewjob?jk=60be51a430811c25
Azure IoT Solutions Engineer,Ascend Technologies,"Remote, US",Indeed,https://www.indeed.com/viewjob?jk=48463a0b2c1a516b
Engenheiro de Software Python Sr - Hibrido,FOURSYS,"Barueri, São Paulo, Brazil",Linkedin,https://www.linkedin.com/jobs/view/4457517125
Sviluppatore Python,Nextar,"Lombardy, Italy",Linkedin,https://www.linkedin.com/jobs/view/4454647768
Senior Python Developer,Deloitte,"Jersey City, NJ",Linkedin,https://www.linkedin.com/jobs/view/4438540519
Développeur Python confirmé - F/H/X,Amaris Consulting,"Nantes, Pays de la Loire, France",Linkedin,https://www.linkedin.com/jobs/view/4457320383
Software Engineer for Data Transparency,BASF,"Kuala Lumpur, Federal Territory of Kuala Lumpur, Malaysia",Linkedin,https://www.linkedin.com/jobs/view/4449561874
Senior Technical Artist – Rendering & Shaders,Snail Games USA,"Remote, US",Indeed,https://www.indeed.com/viewjob?jk=a6c206c083cc7d3d
Solutions Architect - MENA,Deepgram,"Remote, US",Indeed,https://www.indeed.com/viewjob?jk=d254d3c3f23fd186
AWS CDK/TypeScript Platform Engineer,Mutual of Omaha,"Remote, US",Indeed,https://www.indeed.com/viewjob?jk=d9383a12a27cda06
AWS DevOps Engineer,Millennium Corporation,"Remote, US",Indeed,https://www.indeed.com/viewjob?jk=79cc3a8d4707e3ef
"Software Engineer I, Secret Scanning",GitHub,"Remote, US",Indeed,https://www.indeed.com/viewjob?jk=9723b65a7cc3302b
Senior Python Developer,King,"Barcelona, Catalonia, Spain",Linkedin,https://www.linkedin.com/jobs/view/4437404109
Senior Python Developer,Endava,"Medellín, Antioquia, Colombia",Linkedin,https://www.linkedin.com/jobs/view/4428712151
Backend Developer (SDE1),Deepsolv(Creative Intelligence),"Bengaluru, Karnataka, India",Linkedin,https://www.linkedin.com/jobs/view/4455044307
Senior Python Developer,ACROSSTEK™,"Bengaluru, Karnataka, India",Linkedin,https://www.linkedin.com/jobs/view/4455834756
Python Backend Developer,Vivantify Technology Solutions India Pvt. Ltd.,"Hyderabad, Telangana, India",Linkedin,https://www.linkedin.com/jobs/view/4456852137
Senior Python Developer,Decskill,,Linkedin,https://www.linkedin.com/jobs/view/4455849425
Python Engineer,LARION,"Ho Chi Minh City, Vietnam",Linkedin,https://www.linkedin.com/jobs/view/4440203745
Python Developer Jobs in Chennai – Django & REST API Slug,Keel Info Solution,"Chennai, Tamil Nadu, India",Linkedin,https://www.linkedin.com/jobs/view/4458182324
"Mid Level Python  Developer , Colombia",CI&T,,Linkedin,https://www.linkedin.com/jobs/view/4458141992
"Software Engineer II - Python, Fast API, Django, Microservices, SQL, Azure, GIT",Blue Yonder,"Bengaluru, Karnataka, India",Linkedin,https://www.linkedin.com/jobs/view/4449020093
Senior ERPNext Developer & Functional Expert,Ecom-Specialst,"Remote, US",Indeed,https://www.indeed.com/viewjob?jk=5e62c7c526a8d885
Dashboard Developer (Medicare/Medicaid),General Dynamics Information Technology,"Remote, US",Indeed,https://www.indeed.com/viewjob?jk=54b28494c32dc124
Python Developer,DAC Data Technology Vietnam,,Linkedin,https://www.linkedin.com/jobs/view/4456856934
Python Developer,FL Technics,"Vilnius, Vilniaus, Lithuania",Linkedin,https://www.linkedin.com/jobs/view/4448422374
Python Developer,ALGOTEQUE Innovation Hub,"Warsaw, Mazowieckie, Poland",Linkedin,https://www.linkedin.com/jobs/view/4458581651
Senior Python Software Engineer,moOngy,,Linkedin,https://www.linkedin.com/jobs/view/4456875323
Senior Python Developer,Vivid Resourcing,,Linkedin,https://www.linkedin.com/jobs/view/4458709237
Python Backend Developer,Vivantify Technology Solutions India Pvt. Ltd.,"Hyderabad, Telangana, India",Linkedin,https://www.linkedin.com/jobs/view/4457416123
Ingénieur développement logiciel python - énergie H/F,Viveris,"Puteaux, Île-de-France, France",Linkedin,https://www.linkedin.com/jobs/view/4458503359
Backend Engineer - Python (SDE 2),Kredivo Group,,Linkedin,https://www.linkedin.com/jobs/view/4379639599
Développeur Back-End (Python) H/F,Kicklox,"Toulouse, Occitanie, France",Linkedin,https://www.linkedin.com/jobs/view/4458200308
Staff Corporate Security Engineer,GitLab Inc,"Remote, US",Indeed,https://www.indeed.com/viewjob?jk=37c40b462ba311b9
Enterprise Architect,REV LLC,"Remote, US",Indeed,https://www.indeed.com/viewjob?jk=1a4c4b5ed942f8f5
Power Systems Engineer,Handshake,"Remote, US",Indeed,https://www.indeed.com/viewjob?jk=cc8076e831b86c52
Associate Application Developer,ASRC Federal,"Remote, US",Indeed,https://www.indeed.com/viewjob?jk=b631eabee3f431dc
Sr AI Data Engineer,GE Aerospace,"Remote, US",Indeed,https://www.indeed.com/viewjob?jk=0579c0bfa3c66935
GIS Developer,Synergy BIS,"Remote, US",Indeed,https://www.indeed.com/viewjob?jk=8dcb570e820a69d1
HubSpot Architect,DemandDrive,"Remote, US",Indeed,https://www.indeed.com/viewjob?jk=f0e291c96f1578f8
Senior Integration Developer/ Python Developer,Keydata Associates,"Remote, US",Indeed,https://www.indeed.com/viewjob?jk=8bdedd1afa00e6c3
"Security Engineer II, Stores Application Security",Amazon.com,"Remote, US",Indeed,https://www.indeed.com/viewjob?jk=38a5c324d19d6ceb
Databricks Developer,"Delan Associates, Inc","Remote, US",Indeed,https://www.indeed.com/viewjob?jk=4cc849ce63c122b7
Python Engineer (Gold Coast),Westpac,"Surfers Paradise, Queensland, Australia",Linkedin,https://www.linkedin.com/jobs/view/4458701209
Python Developer,Enteractive,"Gzira, Malta",Linkedin,https://www.linkedin.com/jobs/view/4458187156
Python Developer,C2R Ventures,"New York, NY",Linkedin,https://www.linkedin.com/jobs/view/4458264390
Python Developer,VirtueTech Recruitment Group,"London Area, United Kingdom",Linkedin,https://www.linkedin.com/jobs/view/4455857463
Python Developer,CGI,"Lafayette, LA",Linkedin,https://www.linkedin.com/jobs/view/4458295579
Backend Engineer (Python ),Apexon,"Toronto, Ontario, Canada",Linkedin,https://www.linkedin.com/jobs/view/4456875948
Custom Software Engineer,Accenture in India,"Bhubaneswar, Odisha, India",Linkedin,https://www.linkedin.com/jobs/view/4448372334
Python Developer,Venture Up,"Oxfordshire, England, UK",Linkedin,https://www.linkedin.com/jobs/view/4459112870
Software Engineer,Endgame Analytics,"Sydney, New South Wales, Australia",Linkedin,https://www.linkedin.com/jobs/view/4457670873
Python/Perl Developer,Matlen Silver,"Chandler, AZ",Linkedin,https://www.linkedin.com/jobs/view/4458290674
Site Reliability Engineer (SRE) - SecOps,nan,"Remote, US",Indeed,https://www.indeed.com/viewjob?jk=6192bf6275c416b2
Senior Data Scientist – Data Visualization Focus,LMI,"Remote, US",Indeed,https://www.indeed.com/viewjob?jk=a79178ba5c253327
Senior eCommerce Engineer - Sarnova - Remote,"Sarnova HC, LLC","Remote, US",Indeed,https://www.indeed.com/viewjob?jk=adde54c1dfeeb1f9
Senior Software Engineer – TeamUp,DaySmart Software,"Remote, US",Indeed,https://www.indeed.com/viewjob?jk=ed2c2e30cced07c2
Senior DevOps Engineer,ACT,"Remote, US",Indeed,https://www.indeed.com/viewjob?jk=c42ac46bdb574412
Partner Success Engineer (AWS),Deepgram,"Remote, US",Indeed,https://www.indeed.com/viewjob?jk=08ad8669003fe3d9
Full Stack Developer / Software Engineer – Backend & Data Focus,Centurion Consulting Group,"Remote, US",Indeed,https://www.indeed.com/viewjob?jk=fa5c4e1b44fb3c87
Senior Software Engineer,"KYM Advisors, Inc","Remote, US",Indeed,https://www.indeed.com/viewjob?jk=cf95480c1fcfc668
Staff Software Engineer (SWE) - SecOps,nan,"Remote, US",Indeed,https://www.indeed.com/viewjob?jk=252b06f3a42e74ec
Senior Python Developer,BV Teck,"Remote, US",Indeed,https://www.indeed.com/viewjob?jk=3ee505646909e238
Python Developer Django SQL - FinTech,Client Server,"London, England, UK",Linkedin,https://www.linkedin.com/jobs/view/4459150828
Senior Python Backend Software Developer,Xelix,"London, England, UK",Linkedin,https://www.linkedin.com/jobs/view/4459346626
Python Software Developer - Backend,Xelix,"London, England, UK",Linkedin,https://www.linkedin.com/jobs/view/4459354657
Python Software Engineer,Jump Trading,"Shanghai, Shanghai, China",Linkedin,https://www.linkedin.com/jobs/view/4448987168
Développeur Python - CDI (H/F),MERITIS,"Paris, Île-de-France, France",Linkedin,https://www.linkedin.com/jobs/view/4457278234
Python Developer,Infosys,"Hyderabad, Telangana, India",Linkedin,https://www.linkedin.com/jobs/view/4457672035
Backend Python Developer,Pera,"’s-Hertogenbosch, North Brabant, Netherlands",Linkedin,https://www.linkedin.com/jobs/view/4459145977
Python Software Engineer,WorldQuant,"Budapest, Hungary",Linkedin,https://www.linkedin.com/jobs/view/4244523998
Développeur Python Backend F/H,ISERBA,"Beynost, Auvergne-Rhône-Alpes, France",Linkedin,https://www.linkedin.com/jobs/view/4457980946
Senior Python Developer,Runmap Infotech Private Ltd.,"Mumbai, Maharashtra, India",Linkedin,https://www.linkedin.com/jobs/view/4459675181
AI Developer,CareSource,"Remote, US",Indeed,https://www.indeed.com/viewjob?jk=bda2eb85b0d28986
"Director, Sales Engineering",Parallel Domain,"Remote, US",Indeed,https://www.indeed.com/viewjob?jk=df53d883bcfce0c7
Azure AI Engineer,itecksoft INC.,"Remote, US",Indeed,https://www.indeed.com/viewjob?jk=3126be45dbf595f6
Solutions Delivery Systems Developer,General Dynamics Mission Systems,"Remote, US",Indeed,https://www.indeed.com/viewjob?jk=3a25d83116f90cec
Senior AI Engineer,EQUS,"Remote, US",Indeed,https://www.indeed.com/viewjob?jk=a6cecd3ad3a9d3e4
Developer Relations,ARANGO,"Remote, US",Indeed,https://www.indeed.com/viewjob?jk=c0ac2dcf08fe30f9
AI Platform Engineer,Tessera Labs,"Remote, US",Indeed,https://www.indeed.com/viewjob?jk=29473374a5f390b0
Senior Consultant - Clinical Data Programming,Veeva Systems,"Remote, US",Indeed,https://www.indeed.com/viewjob?jk=4d1b30b188d0f2c9
Senior Consultant - Clinical Data Programming,Veeva Systems,"Remote, US",Indeed,https://www.indeed.com/viewjob?jk=a08253c2baac48fe
Digital Services Technical Lead,"Delan Associates, Inc","Remote, US",Indeed,https://www.indeed.com/viewjob?jk=2fbcc020b204d79b
Python Developer,Crescent Techservices,"Mumbai, Maharashtra, India",Linkedin,https://www.linkedin.com/jobs/view/4457773190
Python Developer,Qualifacts,"Vadodara, Gujarat, India",Linkedin,https://www.linkedin.com/jobs/view/4457764374
Python AWS Developer,CGI,"Lafayette, LA",Linkedin,https://www.linkedin.com/jobs/view/4441416495
Python Developer,Astek,"Kochi, Kerala, India",Linkedin,https://www.linkedin.com/jobs/view/4457740699
Python Developer,VirtueTech Recruitment Group,"London Area, United Kingdom",Linkedin,https://www.linkedin.com/jobs/view/4457752789
Python Developer,NAM Info Inc,"Mississauga, Ontario, Canada",Linkedin,https://www.linkedin.com/jobs/view/4459889284
Backend Engineer with Python,Programmers.io,"Louisville, KY",Linkedin,https://www.linkedin.com/jobs/view/4458676880
Software Developer,Seequent,"Calgary, Alberta, Canada",Linkedin,https://www.linkedin.com/jobs/view/4458031695
Software Developer,CACI International Inc,"Fort Liberty, NC",Linkedin,https://www.linkedin.com/jobs/view/4458097855
Python Developer,Cubestech Ltd,"London Area, United Kingdom",Linkedin,https://www.linkedin.com/jobs/view/4458978566
Data Engineer / BI Developer,Xcelerate Solutions,"Remote, US",Indeed,https://www.indeed.com/viewjob?jk=71be269f20934c61
Full Stack Engineer,Roadie,"Remote, US",Indeed,https://www.indeed.com/viewjob?jk=120d8d2af709c2e2
Technical Support Representative L2,Stratus,"Remote, US",Indeed,https://www.indeed.com/viewjob?jk=6ce020a6ff3efc33
Video Game Developer,nan,"Remote, US",Indeed,https://www.indeed.com/viewjob?jk=9a19b6ed6e97bb0b
Senior Software Engineer,GitHub,"Remote, US",Indeed,https://www.indeed.com/viewjob?jk=9f996476d3bbf762
Senior Data Engineer,"HealthEdge Software, Inc.","Remote, US",Indeed,https://www.indeed.com/viewjob?jk=abeb9d543fde18fa
Senior .NET Software Engineer - MSSQL Database Developer,Red Hawk Technologies,"Remote, US",Indeed,https://www.indeed.com/viewjob?jk=ccf279671859ea1b
Senior Identity & Access Management (IAM) Engineer,Allstate Insurance,"Remote, US",Indeed,https://www.indeed.com/viewjob?jk=1c0ada5766e23ae2
Sr. Integrations Consultant(Financial) - Workday Success Plans,Workday,"Remote, US",Indeed,https://www.indeed.com/viewjob?jk=2a8a70ca8198505f
Principal Presales Engineer (German speaker),Twilio,"Remote, US",Indeed,https://www.indeed.com/viewjob?jk=6c84bad2efc0d1b0
Developer II - Software Engineering,UST,"Trivandrum, Kerala, India",Linkedin,https://www.linkedin.com/jobs/view/4458082419
Python Developer,MUJI Finland Oy,"London, England, UK",Linkedin,https://www.linkedin.com/jobs/view/4458444146
Software Developer,K2J Marketing Partners,"St Louis, MO",Linkedin,https://www.linkedin.com/jobs/view/4458469977
Software Engineer - Python,Hudson River Trading,,Linkedin,https://www.linkedin.com/jobs/view/4451001234
Solutions Architect,Promevo,"Remote, US",Indeed,https://www.indeed.com/viewjob?jk=b34a47a1fdd9ecf8
"Senior Security Engineer, Product Security",GoodLeap,"Remote, US",Indeed,https://www.indeed.com/viewjob?jk=db4e52c4f5daeb78
SDET Engineer,BV Teck,"Remote, US",Indeed,https://www.indeed.com/viewjob?jk=f6c8a5b9754f3dec
Quant Developer (Fintech),BV Teck,"Remote, US",Indeed,https://www.indeed.com/viewjob?jk=b6a7dcc53bf67384
Kafka Engineer,BV Teck,"Remote, US",Indeed,https://www.indeed.com/viewjob?jk=964924f2a9a1eade
Founding Forward Deployed Engineer,Gridsight,"Remote, US",Indeed,https://www.indeed.com/viewjob?jk=51c5702306ea75d0
Senior Software Engineer - Observability & Detection,"Enablence USA components, Inc","Remote, US",Indeed,https://www.indeed.com/viewjob?jk=4b40bef99fc6193f
Part-Time AI Developer,21Tech,"Remote, US",Indeed,https://www.indeed.com/viewjob?jk=0c384dbfabd34d5c
DevOps Engineer,Bloomerang,"Remote, US",Indeed,https://www.indeed.com/viewjob?jk=a10a599dc61da127
Strategic Data & Analytics Engineer (Cloud Data & Agentic Infrastructure),Shift Paradigm,"Remote, US",Indeed,https://www.indeed.com/viewjob?jk=ecd2844dc56e2cb9
"Software Developer (Python) - Up to £140,000 + Bonus + Package",Hunter Bond,"London, England, UK",Linkedin,https://www.linkedin.com/jobs/view/4458410074
Python Developer,Tempest Vane Partners,"London Area, United Kingdom",Linkedin,https://www.linkedin.com/jobs/view/4460357692
Python Developer,Aklip Technologies LLC,"Minneapolis, MN",Linkedin,https://www.linkedin.com/jobs/view/4460353396
Odoo / Python Developer,Elogs Technology,"Coimbatore, Tamil Nadu, India",Linkedin,https://www.linkedin.com/jobs/view/4459729677
Audio Software Engineer,Boris FX,"Remote, US",Indeed,https://www.indeed.com/viewjob?jk=f24e59332c19ec7f
Python Developer,Fyld,"Lisbon, Lisbon, Portugal",Linkedin,https://www.linkedin.com/jobs/view/4461011473
Python Developer,Fyld,"Porto, Porto, Portugal",Linkedin,https://www.linkedin.com/jobs/view/4460897538
Senior Python Developer,PrimeIT,"Porto, Portugal",Linkedin,https://www.linkedin.com/jobs/view/4459202222
Développeur Python - CDI (H/F),MERITIS,"Paris, Île-de-France, France",Linkedin,https://www.linkedin.com/jobs/view/4458878768
Développeur Back-End (Python) H/F,Kicklox,"Lyon, Auvergne-Rhône-Alpes, France",Linkedin,https://www.linkedin.com/jobs/view/4461051447
Senior Python Developer | Madrid,UST España & Latam,"Madrid, Community of Madrid, Spain",Linkedin,https://www.linkedin.com/jobs/view/4426943799
Senior Python developer,Lengow,,Linkedin,https://www.linkedin.com/jobs/view/4371275625
Python Backend Developer,Kavintech Corporation,"Bengaluru, Karnataka, India",Linkedin,https://www.linkedin.com/jobs/view/4461042756
"Mid Level Python  Developer , Colombia",CI&T,,Linkedin,https://www.linkedin.com/jobs/view/4461060255
"Staff Engineer, Application Security",ACV Auctions,"Remote, US",Indeed,https://www.indeed.com/viewjob?jk=e147e5142eba852e
Power BI Developer,Constellation Brands,"Remote, US",Indeed,https://www.indeed.com/viewjob?jk=8c54c83663ceec4d
Principal IT Engineer,Entrust Corporation,"Remote, US",Indeed,https://www.indeed.com/viewjob?jk=6f05e58280699cef
Developer Relations Engineer IV,North.,"Remote, US",Indeed,https://www.indeed.com/viewjob?jk=34e15373a1843f18
Principal Cloud Engineer,North.,"Remote, US",Indeed,https://www.indeed.com/viewjob?jk=408c4b25018fecb2
